12,711894;5084,8123;-1,1198009
9,1543393;4173,0653;0,77704902
11,857886;5730,8065;0,12906804
10,798286;1717,8243;-1,4195975
23,529385;1304,0420;1,1107884
25,424260;886,34718;1,4528940
12,692610;1080,6615;-1,4230149
9,3960590;819,12801;-1,7530731
13,193995;820,88401;1,0126252
7,1733549;907,17368;-0,47964781
17,810756;674,12409;1,5125676
12,731178;991,43398;-1,6397156
15,501943;961,07269;1,6483846
34,664945;677,51830;2,9996155
20,741382;636,01115;-0,14153254
9,9227893;688,78199;0,041546717
10,836381;653,13004;-2,8692411
21,633801;773,39351;0,61665358
10,817806;589,78715;-2,0529758
13,175105;454,19013;-1,9870693
1,0405520;468,10607;-2,0455612
9,9436476;525,58942;2,7335695
4,6850029;411,89961;-2,6536802
22,636808;369,50830;-0,16013188
20,214022;379,21697;-1,1451057
11,838916;367,27344;2,9604801
24,011644;405,59007;-1,3239109
0,85440185;469,96515;-0,51773877
9,4136902;331,16436;2,7774244
14,091609;391,91569;-2,5484272
22,674983;323,01424;-2,3186295
11,484090;310,64349;-2,3403368
15,483131;317,01902;-0,63182313
1,8948752;322,87733;2,2670209
4,6203030;281,43958;-1,3442423
2,5173961;292,14107;-3,1117477
1,6623645;286,06952;-1,3778411
1,7080166;266,46401;-1,6600092
7,1534411;274,02952;2,8219204
9,9033479;281,88057;-1,0611450
0,016922745;268,55305;1,7999096
2,9359782;252,76129;-1,7321066
24,569622;335,35191;-2,0742920
7,6116933;238,41898;0,71540085
32,141173;355,07360;2,1882598
23,715692;238,47821;-1,0848229
13,213358;254,94518;1,6485708
21,012225;304,46121;-0,61626552
6,8770888;255,95261;-0,10691245
12,380916;218,79629;3,0836316
0,83283519;227,18811;0,77864994
12,635938;261,44995;-0,14680833
8,7397714;256,30442;2,3341955
5,4438503;252,49503;1,4323620
21,866469;197,24028;-2,2516498
1,0607806;204,78885;2,8179063
11,876540;189,60055;0,24556738
9,4057404;174,42298;0,41454780
3,6435064;174,12025;-0,83696074
21,432224;171,77535;-1,0917165
0,18504825;253,73160;-0,47582584
19,538293;205,54652;-0,77050993
34,128612;166,92528;-2,2070705
0,62102539;169,50125;-2,9465939
6,6249792;193,70415;-0,21082771
1,1184754;167,06923;-2,7659676
20,325083;186,29823;1,9209384
2,7643107;167,99203;-0,63311165
18,431073;192,67576;1,3606288
22,109921;156,03038;-1,7019803
14,072797;154,69068;1,9713914
21,781541;186,04031;-1,9749958
7,6325516;176,29281;-1,5260822
23,118280;157,74928;-0,77943636
2,4981907;190,60620;0,53323604
36,724797;147,10744;2,3855115
12,717876;151,93750;0,94461960
1,0798286;137,31154;-0,40042226
2,4197164;169,56704;-2,0062486
10,823866;127,21118;2,9225964
8,6994716;138,76866;1,5884433
12,708037;156,32519;2,2343628
3,5589714;123,94318;-0,49872742
11,138708;120,18461;-1,1788206
5,4938315;114,14496;0,90386972
28,214545;141,23093;2,5836782
1,6231667;119,98049;2,7106196
10,507844;109,89703;1,9783576
25,906440;140,17190;-0,014292510
2,5338466;109,32126;1,0686363
3,9355221e-05;847,76689;3,0634974
21,253551;114,03884;-2,8261790
4,6041673;104,35847;0,35301156
5,5390900;116,90408;-1,2841464
22,590133;103,94188;-1,5909293
12,197521;124,12086;-2,3390667
11,462366;116,07445;1,3375989
3,9273362;101,92089;0,41193371
6,8662267;129,80824;0,53083296
2,6830028;103,68795;-1,5885269
3,2586123;100,40353;-1,4890290
32,288676;113,40060;-2,0164979
1,8764569;131,98385;2,4840214
40,635368;115,26789;1,5361904
5,8392129;100,94382;1,4228824
31,665683;101,18914;2,1354904
4,4013305;107,02539;-1,3620686
1,4537819;111,85369;-0,49801994
0,78891476;108,92463;-2,5650175
37,274589;105,71750;-2,6948757
1,5757831;106,11714;0,84502883
0,60677880;97,914545;-0,99155370
0,047855949;98,037726;1,4410382
0,88139953;95,872400;-2,6032212
2,3478538;105,77456;-1,7454790
10,811352;129,00527;-0,74043176
7,5933538;106,81742;-0,95867127
2,9039431;93,583662;0,43887225
5,0976818;111,66245;2,6137272
2,2762273;96,808056;-1,2956725
10,303748;91,580913;-3,0764908
0,41755890;90,681913;-2,1492606
2,1465912;93,464435;1,7369664
2,7037824;125,15466;0,96795691
0,50028357;125,53893;-1,2514951
31,875683;95,313757;0,23694750
10,797971;88,731576;2,9499716
9,4198296;97,999581;-0,11260071
0,56018222;89,866245;-0,82550599
0,87085233;99,098502;-0,16711195
1,3135199;89,015785;1,3584124
16,419785;89,133495;-2,8667716
2,1025920;87,851922;2,2912030
11,728328;87,275420;-0,11070144
9,9199558;102,41638;2,4444200
9,6564332;87,619673;-0,45616310
0,27186587;115,41642;0,46081105
0,36128093;87,529393;2,5062717
8,7208809;85,185613;1,5426535
43,910273;89,963540;-1,7778344
0,25289665;85,205975;-1,4601839
1,8469405;96,379494;2,0400608
23,534344;83,581398;0,68998900
28,519942;118,20170;0,73954770
13,193838;93,636302;-0,057666536
38,741437;82,559034;1,2569960
1,9994814;81,298832;0,75414227
10,211421;95,363896;0,98573918
2,9906820;80,606027;-0,65568196
31,043320;79,847665;1,9850432
3,2737247;80,575859;-0,0063663098
1,4303262;91,989520;-0,24816398
11,051261;79,963242;1,7667939
5,6913160;78,801484;-1,5428311
23,523954;90,040191;1,7267633
0,29366866;89,211489;2,8215178
35,387113;77,656246;0,11753024
15,246134;75,843593;2,6890261
8,3241015;96,246655;2,2413979
1,0217403;77,581840;-1,7607923
10,838821;76,513499;-1,2083638
0,73759555;85,422750;-1,2052547
2,7216497;79,579522;-2,5936312
2,9747825;74,922340;0,28167150
30,303599;74,254680;-0,31395703
17,064660;73,895461;2,4315684
5,3593940;73,575572;-1,0522146
5,7165820;82,783787;2,3145482
1,9195116;74,020789;-2,6314218
0,81189821;75,767997;-0,17996915
0,66006577;74,233801;-1,0702500
21,913459;72,532752;-0,34344052
3,8403612;72,566176;0,14197644
2,1895671;73,629587;-2,9061222
3,6610588;73,370776;1,0112719
8,7830621;72,838541;-0,46871794
17,591863;70,942703;-1,9261632
19,884540;88,290880;-1,1109517
1,0307920;70,993684;1,5067660
4,4313192;70,802513;0,67814931
1,1298884;100,24877;-1,2369407
1,1446860;93,051099;0,12802328
21,111243;74,687876;-0,075426045
10,554913;70,407794;-0,66314688
24,629206;71,280749;2,8177519
0,23203838;115,62803;-0,78666359
4,8707596;73,062180;-0,58976156
12,892849;69,814281;1,1756917
0,91493018;76,922848;-1,4700413
24,895247;69,118517;0,035908179
0,12003342;73,911794;-2,6428112
7,3036207;69,168432;-2,1246961
7,2874063;70,247812;-1,6082009
1,7463486;70,022446;-0,76151052
4,9579708;68,460947;0,34583109
15,520833;69,095219;1,1250418
4,6137700;72,400120;-0,39396010
3,2013898;71,229633;-1,4786105
15,210793;100,44232;-1,9931637
0,16765324;74,253156;2,6762446
6,2562995;69,206188;-2,9327179
26,834909;82,527813;1,5075281
5,4245663;70,179218;2,6559641
24,322078;68,564022;3,1054479
0,64345787;74,621114;-1,8792516
0,94051108;97,371891;-2,4074432
35,664803;72,215831;1,4358106
3,5964375;67,658904;2,3661156
29,319404;67,371901;0,41287564
2,7904426;99,735584;-2,1968995
4,8870527;66,756475;3,0472052
10,864796;88,404044;-1,9474442
5,1741883;90,187475;1,9624142
11,498258;67,834034;-0,93807105
22,282926;64,515533;1,3044134
5,3004399;85,005918;1,3661094
30,522099;68,879434;-0,80978486
7,0370284;64,079413;-3,1078981
1,2869944;101,39960;2,5928836
11,858987;72,780921;-1,8403620
2,6018524;73,460135;-0,95091069
19,939244;69,043211;-0,72438444
1,6991223;65,283360;-2,4637960
3,3692005;63,379666;0,34613698
41,019868;89,066386;-2,2141904
1,6821996;68,593598;-2,3017309
1,5279271;64,953928;1,8184978
35,183725;63,390832;-2,2093716
11,680236;62,566746;-0,095191357
3,2980462;62,380498;-1,2763284
6,9757129;70,462586;-0,73748952
2,1789412;62,351888;-0,079161922
1,0883293;66,458927;0,043960632
17,095672;61,548391;-1,9185115
0,54042590;77,606786;-2,5493017
4,8340805;64,507015;0,73132048
11,900547;60,867063;1,3742501
15,583644;61,815776;2,9699367
1,9568990;66,430452;1,6885180
2,0140428;62,421362;-1,1562175
1,4117505;78,157841;-0,69081497
1,2296145;66,404275;2,6139406
24,006213;60,358862;2,4288498
26,974147;60,959373;-1,2643689
37,014294;76,983039;-0,094602072
30,494629;68,030292;-0,063715885
1,5632681;74,645871;1,8621011
4,9720599;68,733866;-2,8398167
17,989586;76,277402;-1,6454301
18,765435;61,542328;-1,3020687
23,456341;61,589209;2,0808663
5,8611731;68,522920;2,9405484
9,3841738;65,358209;-1,7596057
46,911424;59,544687;-0,091069758
4,6494258;67,605974;-2,0849396
25,800024;59,832371;-1,7500729
1,6396959;61,276897;0,57175010
0,48068467;59,197533;-2,0434022
22,630433;62,749930;-2,5704083
28,147484;60,416578;-0,84668377
43,393933;62,225078;-2,9535827
18,308600;59,258422;0,24276643
28,389833;58,657772;-2,6030102
35,120285;58,142989;-0,22893345
0,63235969;65,710677;-1,9774645
26,388384;71,225418;-2,0700350
3,0326346;66,272497;1,7830095
11,257718;66,447674;-1,9498763
36,357770;63,575028;-1,6827110
4,3862181;66,398658;-1,9882477
6,2258386;57,511795;-2,9577895
32,838311;58,105901;2,7200734
19,705317;82,294266;-3,0759801
5,9462591;77,066163;2,3048945
24,902410;60,237166;-1,2606556
5,2516394;61,850472;0,69421693
2,7321182;57,903941;-1,3447858
2,3336859;69,252302;-2,0091786
2,2253803;65,302554;-1,7794829
2,1977530;62,308205;1,7108712
36,241515;80,657677;-1,6360165
0,13459486;57,215988;0,50492100
0,094295110;57,096129;-2,2048201
21,227419;56,430457;0,80074567
34,011569;58,576287;-3,0706892
3,0931630;55,868121;0,46040433
4,4407644;59,508120;-0,36945139
19,971201;69,558290;2,1194846
0,58977734;55,567027;-3,0514251
15,180332;65,467823;2,3424575
9,1222254;55,181463;1,4839358
52,775903;57,334216;-2,3716394
2,1546196;61,776182;-2,2195757
1,7777540;56,997819;-2,8942145
6,9941312;71,931471;-0,27481503
1,6688188;54,620953;1,4257625
46,523066;61,330432;1,8319703
0,98246374;58,529313;1,9650511
12,804142;58,392088;2,8987384
34,346482;63,500799;-2,2173145
19,202829;62,226179;2,2240712
14,606769;58,620145;1,6668098
2,8813532;54,429699;2,0161406
19,845972;72,458799;0,75588829
41,047968;55,008400;2,1932843
8,1343307;74,841215;0,20580586
21,515893;68,864182;1,8515413
50,431197;60,562019;1,8550049
39,875655;56,397621;0,77504851
1,4920351;58,282204;1,7539741
1,5027398;58,214134;-2,6959988
1,3283961;55,878866;1,3408494
0,20299423;56,559838;-2,8456398
57,467832;59,578462;0,37858281
48,086020;63,187164;0,069761348
12,132191;74,231407;-1,0752910
0,065250957;63,653029;0,79941736
7,1460423;53,353071;-2,4051497
9,1064046;52,479597;2,0920828
37,530477;58,215018;-0,93054242
33,491765;52,599370;-0,78468991
0,51641921;64,082536;0,62484352
45,739976;58,392102;-1,2843782
2,0818912;96,817310;-0,25067220
2,3628875;57,361734;-0,62868210
2,2898442;52,577499;-3,1189913
21,691102;53,307970;0,20175574
6,2758197;61,471812;1,3819821
3,5104070;51,694089;0,13492479
32,683567;66,336560;0,37889472
5,3288544;51,260216;-0,75659749
14,057606;50,761571;-2,2281951
8,7675562;51,385409;-3,1194730
8,9290700;73,030257;-2,2959072
0,30980430;55,560682;2,8103698
0,38536633;50,606275;2,9111195
47,377232;56,913381;0,24464958
55,122103;55,801501;-1,0955064
4,5515887;59,100693;-1,3752642
6,0619634;52,595353;-2,3673853
7,9965087;50,335100;2,8001856
49,258490;56,175088;0,86695244
24,018806;61,552052;0,70472086
0,33074128;49,633466;2,3452064
51,603589;53,858734;2,7403801
8,2118604;57,074170;2,5329545
22,117949;49,931824;2,7931244
1,7884587;51,881910;1,5631290
1,2398469;67,667158;1,1232700
1,2204841;54,550994;-1,4453134
42,220596;49,994086;2,6937700
2,4759944;55,720161;-0,84450419
7,7722626;64,229092;-2,5895419
25,510684;50,206201;-0,21563901
9,1740169;55,764315;-1,8664812
8,6900264;48,719329;-3,1301346
3,3363782;49,834916;1,2144651
19,316959;52,673030;0,62920784
10,901239;48,509867;2,3845438
17,331095;49,225607;-1,9737605
16,694013;48,209152;-1,6118219
14,079803;50,422460;-0,073819027
43,818575;49,997520;2,7175811
0,90249393;57,207862;2,1729745
3,5776257;77,441585;-1,8237781
4,3590630;51,733831;0,18126515
53,949082;51,811053;-1,7483853
2,8488457;48,419404;-2,6177936
5,1850504;52,927653;-0,42205970
6,4555156;50,537817;3,1237593
3,4997811;52,903582;2,3981098
4,6305353;55,007454;-1,4754372
8,0252380;61,697731;2,5591535
1,4745614;53,968302;-0,15661338
3,3063108;48,125921;0,27976000
9,0771243;54,204443;-2,4609968
3,9900685;47,878256;0,059600663
37,284586;46,982189;-0,73078082
5,8478710;47,509534;2,4575136
1,9118766;48,099672;2,3099099
4,4221888;48,490598;0,98895511
3,1078818;49,392463;2,6703514
1,6101795;60,058816;0,13002272
1,9391105;57,207627;2,2986814
7,3403784;58,434539;-2,8979912
6,5704329;48,430306;2,7358849
66,849723;50,988046;0,96957071
0,77041781;48,009699;2,8711288
0,80292522;46,992406;-0,35433488
1,9642191;63,913555;-2,8500240
0,085085988;48,630420;-0,44223306
3,7757399;52,697878;0,51098382
2,4441954;66,974844;-0,70967705
8,9590587;47,695287;2,8612643
4,0783816;48,933759;2,5525042
2,9970575;50,591870;1,3746093
65,677016;50,756302;0,022437217
1,1796334;46,526198;3,1356060
0,97026362;49,797296;1,0993199
0,99277481;49,514103;1,2578517
12,139433;54,672714;-1,9257264
5,5886775;46,224264;1,0456047
12,350770;46,618464;-2,3428913
0,39677934;58,255317;-1,1940767
25,051487;50,336957;2,9762888
6,7595741;49,986003;-2,8620252
19,664151;54,352331;-0,31791896
42,001073;50,862447;0,90135192
8,5378791;48,101346;2,5122420
6,3503585;48,699049;0,76884663
12,640661;45,348250;2,6040007
0,86282387;58,496945;2,1910125
2,1679217;59,996079;-2,8480234
2,3743792;53,271936;-1,8439684
2,2359275;46,220526;-2,5812117
9,4470634;50,903354;-1,8890852
5,4019764;52,206990;-2,3100612
6,1978176;52,171616;-0,070397125
17,675925;47,819567;-2,1153811
9,9577368;45,932843;-1,0728074
0,10381907;48,061920;1,4782900
1,3883735;54,608777;1,9945651
5,6637673;55,160750;-2,1526453
5,6529840;50,712634;2,7643501
3,9723586;52,120473;-2,1556428
4,4110119;56,023051;-2,2424835
16,567997;44,177716;-2,3314078
44,566954;47,816933;-2,1611013
8,3467701;55,864140;3,0405834
12,703078;45,137270;2,5460304
6,3887692;51,561288;-2,9980544
24,221564;55,222784;0,64689404
28,407464;45,314880;2,3507900
17,558253;48,043821;-1,4952772
38,702869;47,835208;0,019349211
20,577664;57,385749;-1,7019178
32,080802;45,096213;2,8294051
56,294338;45,878131;-0,26456573
4,8074764;46,838613;2,4426554
10,875107;47,095648;-3,0192872
5,2199191;44,385773;2,6996845
12,631216;46,367538;3,1129575
2,8329462;43,438830;1,7516826
2,8242094;45,309748;-3,0531997
0,67384010;57,204495;-1,1176289
0,73059033;45,315391;-0,10706309
1,3201315;49,619559;-2,7984295
4,9386867;60,991915;-0,98792705
64,504388;48,278479;-0,79607490
6,7928686;42,845109;-0,89494870
62,158660;46,383263;-2,4522889
58,640932;50,791652;1,2172476
2,5442363;46,693010;1,2058711
3,4646762;45,183425;-0,37676790
2,7987859;44,539075;2,7737693
15,449994;42,892193;0,39083167
3,0086279;46,156618;-2,0568319
30,143266;47,629534;-0,77578892
30,501005;43,990553;2,0868406
7,2484446;42,769039;1,5115570
24,550259;43,094312;-2,9401142
59,813561;48,084076;2,1148882
28,486490;44,122604;2,0434829
22,348177;51,056295;0,60801433
2,6368785;41,756255;-0,18785889
7,4531705;42,146578;-0,97966826
60,986267;47,422052;2,8445236
3,9482732;51,773744;-0,71455071
4,1415073;44,491145;0,10484855
0,30043776;43,397539;-0,85535463
68,022666;47,367511;1,7829090
29,895958;44,081148;-1,2925752
37,623513;40,995358;2,8867887
6,7506798;49,735193;2,7731638
5,8934444;45,046470;2,9064036
4,4704383;41,363743;1,5898638
2,8917429;50,706766;0,44433710
34,915323;41,115233;-1,8208154
35,327057;46,298063;-1,7893734
69,195452;46,272350;2,5160665
4,6746132;41,573388;1,9930335
1,8232487;44,818400;-1,7492552
1,8411947;44,774720;-0,16147318
8,5059227;49,419706;-2,6326673
8,5745582;52,832897;-0,87954550
4,0409154;45,921808;1,9676401
1,7328104;41,275090;-1,7716268
2,3234535;43,938494;-2,2761723
5,1926853;48,547313;0,90580113
1,0943900;40,722471;1,9788637
34,577733;41,155682;1,3889616
5,3375125;41,113203;1,2176734
7,5450256;45,513217;-1,2611744
3,7049005;44,376143;-1,8861824
0,030460941;41,538722;1,8633246
2,8081524;43,074836;-0,30745648
2,9206297;40,458397;2,8481071
4,2593369;40,837944;-3,1337504
6,3254860;47,085155;0,50098096
16,251266;42,298200;2,8883605
7,1302215;40,567232;0,25291959
3,8220217;46,266506;1,2405160
3,5215052;49,725030;-0,18103541
9,3726033;41,772391;0,078003939
4,0675982;42,719652;-2,5794353
6,8468640;40,181076;1,0580279
6,5235215;41,343396;0,33312522
1,3727888;44,786791;-2,7472576
1,3955361;48,801256;-2,5702812
1,3369756;41,690601;2,9904294
18,168180;42,729389;0,27687503
18,145433;51,532137;-2,5261777
2,7709224;39,464124;-2,2561420
2,5097612;40,283578;1,6546412
28,808337;39,365261;-2,7121920
70,368316;44,808785;-2,9356463
4,5722896;39,528193;2,6715209
4,5169562;39,995498;2,8334697
4,7853588;39,182553;-0,52433209
5,4639215;41,667417;-1,5556179
7,7440056;40,032419;0,044753248
1,5998685;42,200716;-2,9151852
13,749848;38,987116;-2,8502176
20,993649;42,946121;2,0322417
14,236043;45,939098;1,2853079
2,6096447;48,898483;0,77433659
2,6224745;43,683292;0,72253824
2,5666688;39,068414;-0,49329846
2,1148709;47,294757;-1,4258163
2,3007849;45,939821;0,17289433
5,7974963;52,197511;2,5772422
6,0489762;50,719953;0,82770700
6,0244185;43,770338;-2,0402816
33,625967;39,674629;1,4145625
37,497182;38,624529;-0,86001853
26,820190;52,625652;1,5536890
25,589709;40,352831;-0,55289612
39,780179;39,206201;0,23583733
9,3601671;42,027438;0,57960414
71,541417;45,320397;-2,3104363
15,035347;42,325073;-2,6271516
15,984280;42,116854;-1,1281388
12,265763;49,415799;2,5041844
4,1552817;38,533920;2,6069268
1,8550477;42,770737;-3,0287901
19,895245;43,085847;-1,5759934
10,124131;43,803683;-1,1779984
1,1627894;41,507258;1,0384650
29,668248;44,777079;0,46359134
3,2362585;38,270563;-2,2003212
15,789551;37,986333;1,7945524
3,2494819;39,648842;-0,048511401
8,7094679;49,202282;1,2081864
8,5988797;60,802060;-1,9359448
18,228236;38,469571;2,8723404
76,232087;42,174203;1,1873548
14,138993;45,020435;-1,7439342
3,6139900;39,068240;2,3762865
1,8872403;40,029693;0,56127791
19,337109;39,600481;-0,73369052
7,8910367;54,199740;1,5712387
6,9508404;37,524502;-1,7702460
4,2522529;41,044222;1,5917879
38,136075;38,520169;-1,0412107
22,292450;40,145730;-0,35759516
6,1570456;42,718685;2,7700768
0,84960051;36,882265;2,8858501
8,8050223;44,691175;-0,79721830
2,7137786;38,374128;-1,0410755
1,5894787;36,795946;-0,12477141
6,6726777;39,270217;2,3606163
5,9605844;42,358014;0,58375922
19,916025;43,176050;0,67514139
10,244243;46,280387;0,25143403
27,714183;36,824193;0,96375941
13,524028;39,448015;-0,62317321
11,062359;48,984009;-0,12077899
3,4784506;36,524045;2,5079741
26,789571;43,597876;0,53058923
4,6424206;38,613717;-1,0268144
3,1518810;52,088981;3,1080429
3,1344072;40,784696;2,0103191
4,3374963;36,644628;-0,65243599
0,82346865;41,528498;-1,4347088
0,52641544;36,934419;-1,6443780
7,9031581;36,617769;-2,1858646
7,9471572;39,066416;-0,23394660
2,4057847;39,277468;-2,4076658
12,738577;56,100348;1,4555707
10,671404;38,294439;0,96310203
39,811820;36,586491;0,94557784
4,3056186;35,787843;-1,8942355
1,7146283;37,305856;-2,8209998
0,14781821;36,729551;-0,86890158
22,936065;35,613841;1,7853079
4,2843668;42,847390;2,3392647
1,1106831;36,708418;-3,1009898
1,6478818;42,744802;2,5210764
34,152933;36,829870;-1,7733531
19,590793;34,817912;-2,6925389
9,3927532;45,782749;0,68992774
8,9045910;44,731385;2,5908844
26,317938;39,301126;1,5612243
2,0472586;35,574419;2,4053931
73,887145;43,185172;-0,65875592
8,2727823;35,579462;2,8841623
0,42448542;35,456722;0,26650557
19,032500;35,016866;-2,6191491
4,7142045;35,241421;3,0994443
4,7069632;35,479308;-2,3329049
29,978840;35,895703;-2,0662369
3,5440164;37,771921;-2,2886706
0,37316621;41,396148;1,4742567
31,348008;38,828410;1,7742663
72,714202;40,415967;-1,4684527
21,030879;34,507018;-2,9841742
4,9634805;45,224405;-0,27902828
5,0034654;40,079855;1,9708552
0,15592539;36,246091;0,76623684
41,550298;34,785667;-1,9913935
1,2549593;40,859636;1,7304270
1,2960461;42,513211;3,0443081
1,2741646;35,127185;2,9583147
63,331996;41,287688;-1,6898317
8,2878947;34,272368;2,0515927
9,1356849;37,600145;-0,69123569
17,538812;37,739623;-0,22281355
6,1257189;36,153187;-2,9480696
3,4247701;34,865990;0,21608016
16,928963;36,672119;-0,56611306
12,153207;33,957054;-1,8522629
21,099200;40,292617;1,7665948
18,338589;34,466679;1,1607329
5,6244121;52,752878;-1,6563183
7,3987029;33,610923;-2,7838979
4,0021111;42,275173;1,8588704
30,788140;41,503278;0,18845728
30,464090;40,294091;-1,5101012
83,269036;38,579416;-0,21144078
19,182286;34,083550;-0,99399705
9,5057814;39,272660;-0,29486628
0,43920427;35,103186;-1,9282865
34,844719;33,344638;0,70276524
25,347360;36,874425;-2,4421156
2,1327381;33,333794;-1,3559992
4,5404119;34,473265;-0,78759361
3,8027376;34,319933;-0,12721696
6,8794501;33,265179;1,3436252
34,896589;42,202136;-1,2334123
19,617476;38,248335;2,1661014
16,522502;34,935437;-3,0717329
2,5565152;35,299605;-2,4545863
4,4860229;33,254427;-0,38803521
9,4783902;36,111456;-1,0407062
18,647527;34,393646;0,75162223
1,9502086;35,905419;-0,79996422
9,9650568;33,210349;-2,6850397
17,106534;41,931188;-2,4242295
8,5217435;39,473396;-0,26139916
8,4932503;33,412038;-1,6547545
0,72413607;32,739542;1,0728770
6,5797207;32,822398;-0,58696497
40,148386;34,584478;3,0571973
3,9082096;41,433243;0,88219296
3,9387492;35,504966;0,99971252
3,9644088;39,949395;2,4853417
3,8722389;33,075534;0,081021568
7,5570683;33,931242;1,7454326
1,4219829;37,112803;-0,63502287
26,678983;40,804368;-0,17771054
8,0497956;37,650786;1,2827522
10,267856;45,578999;-2,0105602
8,3860467;51,435485;1,6322765
7,8453846;35,136608;0,91207902
5,3657696;39,292983;1,1409030
24,426369;40,457472;-2,5694617
21,793662;32,560925;-2,1251788
11,691570;40,139691;-2,5949743
4,1981789;35,279914;2,2100636
4,2087261;38,537763;-0,84429395
34,684071;41,601070;1,6487824
7,1168408;33,117701;1,3908737
25,650631;32,995268;0,073259807
0,61402016;32,212402;-2,8795383
4,5894485;32,284954;-0,78340317
29,144981;32,711509;0,60459329
2,7495919;32,725865;-1,4551485
0,022904739;32,275836;0,76801046
7,1927176;33,532442;1,4859652
1,1738088;32,923300;-2,6812427
34,326962;34,811643;-1,5945830
0,71288048;39,274574;1,9247975
0,76112998;36,335411;-2,5526017
28,706722;34,059809;-1,9566512
3,1817909;35,277454;-3,0088022
5,5284640;40,655522;-2,1397624
5,6996593;33,370460;-0,88189860
1,6310378;33,161172;-1,4380144
5,0255830;49,886776;1,8168440
11,886772;32,660321;2,1756534
2,0575697;41,398110;-1,1227093
15,438817;49,514007;2,4843137
25,550512;33,122057;1,9809314
80,923701;38,226779;-1,9898614
5,9799471;34,244773;1,6148795
7,6238934;38,474310;-2,8732678
8,0911186;31,649819;-0,38597089
34,877227;32,204489;1,6595483
11,302032;31,857601;-2,2444310
29,174655;39,823568;-2,8115015
20,536656;32,525988;-2,6038148
29,353721;35,582021;-0,81398376
21,809798;31,770998;0,37639424
3,8961669;31,249824;-1,5143161
35,869608;33,167076;-2,5211085
45,320922;31,311773;2,2383509
24,043836;33,470596;1,2960610
27,571874;31,894097;-1,9066602
16,327537;39,890181;-1,2696930
0,12664510;31,410364;-0,95280577
23,468542;33,537267;0,43857810
17,996985;42,795203;-0,043558003
82,096566;37,583071;-1,0207446
13,169752;34,851151;0,28089365
13,287661;33,411259;1,5415789
13,487743;38,898355;2,2712620
7,5394371;31,905216;2,5331596
8,8188754;42,387778;1,4180863
5,1324718;31,124154;-1,2095831
2,6946520;36,143592;-1,8016763
17,828309;31,000968;-2,6389682
32,947404;30,602772;0,85327886
34,224875;32,431102;0,67893281
10,374351;30,957579;0,81208979
8,7351275;33,071055;-0,71228933
0,055805704;31,043186;2,4740845
0,11216238;34,154476;2,4897288
19,557971;32,949118;-0,61792237
9,2168354;30,524710;1,5894606
36,223726;32,850785;-2,6443106
29,391817;33,452905;1,2385187
2,3961820;38,285406;-2,9513819
2,3556461;35,604771;0,084337758
8,5572419;32,900775;-2,7204150
8,4581454;36,258009;2,8072289
1,8098679;30,565519;2,6859853
1,7637436;30,645738;1,7433550
7,2767017;33,703981;1,0700463
7,3218815;36,229913;1,4500405
8,2969464;31,284852;2,4796438
4,5813413;30,576114;-2,5804035
6,2474839;33,359924;0,90880358
6,8132546;35,682187;-0,072491232
6,8570176;32,510095;1,8974510
2,2515122;30,476974;-1,5847185
0,33892716;30,413647;-1,3924867
7,8651409;33,633834;2,1584653
12,712051;30,463997;1,9647966
11,759734;30,502410;-0,89777649
20,476915;42,436492;2,5505357
77,405581;37,042714;1,5828640
78,578602;39,453639;2,5912939
26,590906;39,941402;-2,3838929
11,024499;35,972410;1,6214833
23,509943;30,283468;2,9833965
2,9814728;30,640769;-2,7311137
23,991494;30,553569;-1,4961194
24,441718;33,805892;-1,9001767
8,9826718;31,672136;1,3532623
3,4135145;32,367477;1,1862733
5,8545614;31,908506;-1,7680093
20,189779;30,426315;-1,3156787
32,770857;42,509306;-0,67266369
75,060246;39,406983;0,053342292
7,2249889;30,046948;0,83239731
2,6583665;33,672398;-1,7561960
3,3466106;31,559492;-0,66015967
6,5997919;42,253977;-0,63846071
26,966512;29,912806;-0,070729557
20,206860;32,987189;2,8301145
18,789442;31,603421;0,62147063
18,662010;29,855273;3,0025310
34,534207;43,056680;2,3126254
17,244356;29,979868;-0,53049908
17,478362;36,595874;2,6487220
0,57930886;33,311576;0,38348596
4,0580743;41,552778;2,9768292
4,5309666;34,591929;-1,6304993
20,636697;30,070034;-1,9171661
5,4375535;30,889007;-0,64199191
5,5786026;31,992628;2,0570043
23,184239;42,871014;0,41693653
33,167242;29,681796;-2,4796203
16,260869;29,579908;-0,84732165
79,751309;38,085407;-2,9606825
3,8327263;29,459503;-2,0399708
6,3049426;29,387361;-1,0109556
0,92319478;35,242316;2,9868043
0,59725484;30,079300;1,4324456
23,738125;29,794308;-2,9375283
21,534075;29,718318;-2,8913116
23,480978;29,670092;1,1467682
5,1676554;38,898075;0,48325673
24,869981;33,358390;-2,5768434
0,22196345;30,901721;-0,69155079
41,676707;29,418116;-0,64490443
25,431186;28,786584;-2,2499357
32,003430;28,563186;-2,8734209
17,011216;32,151050;-1,1824851
12,122353;29,441438;-0,76085387
52,015324;44,947550;1,7707372
7,1753226;32,846885;-2,4877657
7,0936212;30,834320;1,4724153
6,1915995;37,759895;0,49435684
7,4239689;30,633824;1,5183800
3,3778586;30,204036;-1,5157370
11,428678;28,733299;-0,82523609
11,286920;28,718020;3,0960840
10,202448;30,336623;-2,8834388
9,1826750;34,451510;1,8382535
9,1955836;32,291112;-2,7859227
6,3975848;29,478781;1,5941188
14,744355;32,680274;0,96238855
35,096593;28,729900;-0,68293761
7,6840282;31,840253;1,2499992
32,900807;27,786411;-1,5360372
29,302481;28,694716;1,7304504
15,502730;39,636702;0,80236425
15,712257;30,679115;1,1395374
4,9863065;41,766711;0,91778766
5,0804442;36,520300;-2,9888168
5,2913882;32,179162;-2,2943000
19,268474;28,579503;0,80928481
9,4871270;33,006523;-2,4922571
25,078249;30,820239;2,2229154
10,910527;30,087751;-1,1936379
6,6888921;29,744222;-2,3866222
22,129992;35,260735;-2,3485728
2,8674214;29,725968;0,036553078
17,411930;30,115227;2,5848195
27,918987;29,041550;2,9754876
4,1189962;33,153847;-0,39474029
7,3538379;33,083697;-0,39972951
6,4617338;28,436992;-1,4101089
16,778784;31,984036;0,052625269
1,8632336;29,942030;-2,0975534
2,0323823;30,405773;-1,0128567
37,267663;28,866440;-0,78477814
18,754180;31,788987;1,7464807
9,7142067;30,063955;0,85495892
10,084539;31,063200;0,20046060
7,9251970;28,617682;0,65881718
23,424542;28,338933;-1,4538856
24,302321;34,341914;0,095586884
2,4866990;28,225671;1,5386899
5,0900469;34,055319;0,57130353
13,689714;31,900163;-2,3847801
17,144551;29,212318;-2,1508091
17,164544;30,194643;0,077512548
1,5184031;28,256188;1,0232667
6,5070710;29,701008;-2,7317455
28,776144;27,717299;-0,72684058
2,7399105;28,050495;2,7621904
37,672628;30,546261;-0,19048371
21,305500;29,177413;-1,5806428
3,7614933;28,321301;-0,99919402
17,087958;27,836790;-0,39394623
9,4986188;29,992486;-1,7052158
7,6429414;27,609413;-2,8872207
5,7653038;31,694562;2,8613201
5,7469642;29,103229;0,56523086
5,4521149;30,368237;1,9307162
32,587382;28,858896;-0,75054002
21,723925;27,725409;1,4959008
8,3086743;35,843648;0,78807408
18,551422;27,752472;-2,8402967
35,350198;29,824564;2,8370480
1,4447302;31,820559;2,9205772
1,4639355;28,215460;-1,8573647
11,169799;28,129946;-1,3855856
6,1686161;29,676538;1,4470249
36,684576;28,875739;0,14827754
36,812480;27,859020;2,3027581
12,902845;31,797514;0,58700058
14,015024;32,159377;2,1399272
3,3216594;27,409748;-2,3968377
8,6547641;34,254607;-1,9956780
8,6794005;35,174230;0,84348587
12,719371;27,557089;-2,5261018
19,481071;27,833801;-1,5894488
6,1072219;27,593895;1,6223081
6,7803536;37,610496;1,2988863
6,7114820;32,120145;1,5239170
6,6515046;27,656442;0,49636281
14,544588;27,928407;2,4562335
16,964147;30,513202;-1,0520723
16,916763;30,400486;1,5595573
45,503058;28,597847;-1,9722360
7,7218879;27,284337;-2,2530368
0,88155695;27,190808;1,7406466
1,2056866;28,653390;1,8589533
3,6675918;27,156949;-2,9697113
4,3665405;28,957487;-0,81511501
1,0727446;31,847223;-2,0377542
9,4401369;34,752149;-1,6108139
10,011339;27,580391;-0,32245216
35,775864;30,871660;-0,37815324
15,379548;27,116444;-2,7981890
4,1842471;32,419349;1,0227573
22,668686;27,518876;1,3572260
30,154364;27,503632;0,48935020
29,456911;36,392719;0,57159584
9,7618265;28,988688;-0,39499827
33,473819;28,093222;2,6182401
32,465854;27,802536;-3,1210231
22,328736;27,683991;-2,3814925
8,0993832;26,722191;0,87977808
6,9029845;26,845666;-2,5975116
2,9099251;29,610976;-0,94511638
2,4550574;27,084112;-1,2568070
14,907128;26,425567;-1,7685135
7,7336945;34,754419;1,1846432
6,9332093;27,139579;1,4199900
22,641216;37,574042;1,7869014
5,9048574;29,018069;-1,4249568
27,516147;26,391734;2,0524712
25,947370;31,724109;2,7325555
25,871808;26,631560;2,4139098
20,805689;33,545077;1,5686886
24,832357;26,315324;2,1051932
2,4260920;29,490106;-2,2315206
2,5905181;26,886868;-2,9998585
2,0060143;26,991157;0,60409808
20,928005;26,858715;2,8864619
37,639806;26,763541;0,70050200
10,858735;36,005801;-1,6472462
6,4277308;30,711832;-2,3380130
23,619193;27,935605;1,6830141
32,398320;27,693930;0,71667773
21,368704;26,533090;2,3435518
36,154382;35,975432;-1,2232831
33,455952;30,874285;2,8919554
10,042114;27,459426;-0,36463203
30,392070;31,059075;1,3115114
30,456061;33,513200;0,17219614
1,8025478;26,101435;0,53572277
8,1895854;28,927079;-1,3952584
93,824500;33,342302;0,82455923
24,589300;26,122559;-2,6873825
27,087097;34,150996;2,7631125
16,542495;30,449090;2,2743917
16,579568;30,351703;-2,5170346
16,664260;27,565446;-2,7993821
16,896535;29,183863;-1,4037747
3,7906162;32,285314;1,8236769
6,9871260;29,888808;-2,2999447
36,990208;35,261213;-0,35871917
25,390887;26,697243;-1,2652106
33,034537;25,489177;0,10141301
5,5002070;28,094052;0,52517113
21,041820;29,458206;2,7521876
36,858290;27,843415;-2,3043870
0,68895250;34,753774;-2,6258088
6,3381584;28,298098;2,0978943
0,32389347;26,968348;-0,0055870227
1,5465815;31,316673;0,78352276
2,5239290;30,324696;-1,5601611
3,0245275;29,088475;0,37840340
3,0774996;26,595788;1,6182889
21,202468;26,536969;-2,6119796
2,3407698;31,112988;2,0611044
17,684820;26,848491;0,94180337
3,8516955;30,200636;2,6507712
8,9515812;29,144149;-1,1108312
8,9720459;26,133474;0,13984139
6,0703854;25,774481;1,2587865
31,180827;31,835173;-2,0994597
31,389882;25,815334;-0,47473342
43,012738;28,733141;0,85270133
23,671851;26,711026;2,3647311
26,213962;39,698826;-2,3016330
26,280079;26,940729;0,43014720
7,7532147;25,684570;1,5587343
4,9265653;25,854856;1,1122548
28,396917;27,509283;1,8091246
5,4137042;26,181009;-0,25397012
5,6849404;28,580371;2,6498043
43,425810;28,552788;2,0175491
19,567573;25,824893;-1,1088789
6,0767610;25,523223;-2,9661393
5,5975718;26,119017;0,13829196
11,656308;25,523988;0,96220387
0,79584128;25,826285;-2,7763797
7,6666332;25,307473;0,44080635
15,339170;26,653397;2,8091680
4,7221543;25,386620;-2,7636926
37,434922;25,460816;0,73333623
86,788259;33,551400;2,1048105
34,789779;25,243088;-2,0211853
23,552211;30,515472;1,3218962
13,775429;26,203886;-2,4285359
34,451403;24,949819;2,1788290
3,8823926;27,578294;1,9640412
19,950106;30,028660;-1,2935458
19,853922;36,403027;2,1746957
4,8201488;28,913197;2,7793452
9,6351027;25,798629;-2,5803043
19,009595;26,859105;3,0500717
1,6594523;26,070657;-2,6757977
26,698031;24,576437;2,4699344
4,1739360;27,557595;-0,11403846
4,0886926;33,763025;2,7124910
34,936810;29,611977;1,3132029
1,6899132;27,201662;-0,083705740
30,696443;24,962325;-0,19028279
5,9308318;28,632221;-0,46884406
5,9407493;28,061935;2,6080635
32,092609;29,908981;-0,97479184
7,2553712;25,789731;2,5158635
7,2672564;29,640411;-2,7327691
0,19307671;36,477775;-2,9310064
9,4624120;25,291822;-1,5118396
9,5248293;25,646866;-1,8030924
23,488613;27,029005;3,1362743
16,488814;25,008908;-2,9493841
4,4933430;25,422196;1,0742051
29,555692;24,534704;2,1205502
10,827487;27,371460;-0,57073685
4,8480910;24,844196;-1,2390345
39,284539;24,832636;-1,0468512
12,214601;25,409185;3,1017594
36,369104;26,675367;2,4746480
32,539763;25,819060;-0,15500653
32,689942;28,228475;-0,82357321
31,128248;25,260347;-2,3847224
32,433818;27,596825;-2,9143728
26,767769;25,326787;2,1797946
4,3936956;27,172703;-0,066053500
26,108726;24,846221;-1,4686453
5,8304760;26,522632;-2,4488784
15,997110;26,283606;-2,6486710
16,034025;26,094351;-1,1786728
28,822819;24,472829;1,0328923
39,225034;35,592568;-3,0319926
24,657699;26,798264;0,90207549
19,077443;25,353778;0,88503894
13,224220;25,150027;0,31642599
0,56828939;26,023594;-2,5727492
91,479165;30,305996;-0,96620253
26,485434;24,679081;-1,0361311
8,5482689;24,295305;-2,6580056
28,028946;24,544653;-1,7405222
38,908225;27,037527;0,13127533
38,538679;30,490254;-2,3147447
3,4921462;28,779065;-1,0636110
15,963894;25,982845;0,79286059
90,306380;31,257807;-1,9828749
22,477577;25,925816;-1,0507083
22,462465;25,865320;-0,13538036
15,890930;24,177422;-1,5901660
4,7441932;27,984120;-0,10011971
9,3181357;24,917056;3,1404348
32,890969;24,565132;0,17114476
22,053249;24,857627;-2,3061153
9,6416356;23,992998;3,1242723
18,740720;23,620361;-1,2015359
34,213776;24,481814;-0,54641727
33,373385;24,310583;-2,4558820
0,46486387;24,131635;-0,11570967
2,0218351;24,215410;1,4792730
19,098144;29,429319;2,3293492
9,0685449;24,920717;2,9172576
8,5658213;26,310647;-1,6246145
32,312998;27,483958;-2,1615271
27,329918;27,003192;-2,9389785
37,845791;28,198101;2,1104173
49,412527;24,812525;-1,1467217
2,9690366;25,578743;-2,1571498
9,9749744;27,696788;-2,7234221
20,243303;24,408665;0,63497717
32,234209;28,750734;0,93874371
37,307333;24,339686;2,2513714
0,24203461;25,178879;-2,7575117
8,1263809;33,926124;-1,4575141
8,1480263;27,480801;-0,83087599
5,0457329;23,607014;2,6315504
14,964193;25,443707;-0,63017851
42,158257;24,874108;-0,57221097
15,198042;24,055101;-0,93734902
29,903750;25,242485;0,81031856
0,93437166;27,235059;1,4836782
0,95003504;29,225186;-1,7907243
10,648500;24,135229;0,036839499
12,328731;25,135512;1,9397584
18,726710;24,797367;1,3682129
8,9112027;25,184669;-2,3600336
12,488592;25,442698;2,3410532
35,275659;26,652706;2,3788778
42,529535;29,811103;1,8064767
42,375262;25,328238;-0,19359275
3,2668769;23,565243;-0,35929671
31,609720;23,443522;2,0050183
2,2840196;24,290441;0,44999253
2,2652078;24,613807;-2,9568931
0,84180818;23,503353;-1,6434781
22,951414;23,827318;1,3131391
32,911197;26,307906;-3,1059543
44,269193;29,243254;0,63071395
27,905685;27,509883;2,0017582
33,616364;24,017065;-1,3789632
89,133436;30,442058;-2,4078699
4,3507984;24,911563;1,4708313
14,408812;26,879291;-2,6787043
30,019848;22,919676;0,58960557
25,744848;23,521873;-0,34161171
31,689611;23,828290;2,4835648
29,047065;29,092801;-1,9206078
7,3607644;24,650347;1,3392629
20,873222;22,957550;-0,75771409
27,268052;25,772483;-0,80931829
27,257111;25,670782;-2,8339513
19,504841;23,353415;-3,0551052
19,060442;26,849599;0,82619415
6,9422610;23,295238;-0,63692964
18,118042;23,841019;0,27448140
41,858764;23,368484;-3,0069889
33,677837;24,978697;-1,4786653
20,703759;28,924693;-1,4427972
20,366091;35,450261;-2,7169997
3,7533074;24,298210;0,43736388
84,442530;32,017172;0,26465813
0,53397164;24,038045;2,9206345
26,339584;30,757098;-2,6121540
5,0590350;25,074665;-1,5027606
85,615158;29,037028;1,2348318
8,5148169;24,758858;-2,2219471
10,498714;23,215238;-0,91330712
4,2217133;26,263806;-2,9184467
4,2733473;23,421691;-0,87439694
17,790764;26,716993;2,1395149
9,8962639;25,599254;2,4124141
3,1636875;22,981977;2,5185353
10,454085;23,983516;-2,8689609
31,792171;23,815806;-0,95709300
9,0528028;23,959834;-0,99552984
9,1587471;32,085456;1,5209573
22,376749;22,884854;-1,3062352
98,515564;27,659991;-2,1859066
14,192752;24,556097;0,18276325
14,066422;23,519727;-2,6992862
20,662908;24,825647;2,9243902
8,4220173;22,811765;-1,2290715
26,437263;23,286486;1,0221710
2,4696975;23,664754;2,0134255
24,457066;24,765226;1,9755001
19,403698;24,354342;-2,3090022
36,821138;22,934233;0,30710622
22,927565;22,749374;1,4608716
1,3634223;24,811987;-0,41945234
21,275511;22,490968;0,26846630
21,438678;24,848381;1,2957761
3,3886420;26,239131;-1,5971828
25,818678;24,965907;0,37343931
7,9371610;30,175280;-2,4846308
5,0142487;22,606712;2,2954380
31,286378;22,659291;1,3418386
33,103172;24,965675;-2,9396490
41,602719;27,416700;2,6993288
7,8202760;26,826109;-1,4409442
7,9549496;26,076352;1,5689562
20,052351;26,476689;-2,2129892
20,015121;23,789266;-2,6918161
2,9308620;26,253919;2,7395495
5,3141355;23,345263;-2,9235177
29,068317;22,794931;-0,51376246
29,369621;27,977755;-2,4079169
35,876456;23,154670;-0,46476666
22,792812;23,836658;3,0972572
22,820046;26,446672;-1,6502007
4,8940579;23,841522;1,4841867
1,0366165;25,309905;-2,9506015
24,980569;24,762806;1,4188943
5,1503391;26,300551;-1,7730412
5,2032325;22,804013;0,11824453
87,960966;30,903390;2,7911671
41,116682;23,064905;1,1730098
35,465666;22,225718;-1,8562785
44,852909;36,285984;-0,19788768
2,0925171;22,919583;-1,3301915
3,4311456;22,629385;1,8735806
23,998105;22,639701;0,87546961
20,886760;28,180070;2,9697272
18,578498;27,740835;2,9039707
37,768970;28,734034;-1,2472007
24,188900;23,444230;-1,5531638
31,486617;25,232067;-2,6727361
9,5159351;22,107973;-0,69450073
3,6800280;32,691354;-1,8471458
10,916194;22,567011;-1,4411846
10,894470;23,156722;-1,0466020
28,630766;29,933639;-2,5764034
1,4046666;31,635310;-1,5113468
1,3474441;23,346901;2,6955464
34,185283;24,093369;-2,8791916
9,6719391;24,444277;1,7885764
3,6982888;22,583868;1,3219305
4,0224184;22,138952;-1,6827241
4,0337527;30,972266;-2,7310176
5,6048132;22,327174;-1,0937432
38,381258;25,986883;-1,2345636
40,267633;22,131006;0,56259985
29,011803;21,867102;1,5135227
43,999452;22,455963;0,61962071
9,8060617;22,421664;-1,5622676
29,726415;22,570830;1,3868098
19,471153;23,771044;-0,62783065
9,2284058;29,201709;2,8140977
36,559348;22,282460;-0,44946421
23,870988;23,141766;-0,0050087624
23,772679;23,386594;2,6034111
25,288327;22,815232;-2,8511782
12,455219;30,408338;-0,82680667
33,635963;26,267625;-1,9574864
32,412567;21,660225;-2,9769819
21,449855;22,950386;1,4731336
10,135308;25,108542;-2,3077427
9,8184980;27,787556;0,19617636
9,9327068;22,059830;2,0510898
3,0585304;23,226341;-1,6456834
99,688035;26,469483;-1,2604964
24,622515;26,114463;-1,7799764
24,936649;23,406555;-2,5257362
19,930035;22,223499;-3,1063356
37,789670;22,797325;0,66210533
32,599032;26,689454;-1,5450735
12,923782;21,822132;-0,74121760
7,2002738;23,791916;-0,15404351
29,985766;26,042466;2,8034341
10,808990;23,679345;-1,6703357
7,9822621;22,201833;2,3391834
16,558867;23,018651;1,7991479
36,163277;26,132665;-2,7599172
12,869472;21,913709;1,4413908
29,799301;21,228927;-2,8857500
16,307072;22,921362;2,9869688
17,440502;22,592574;0,089931291
26,325573;26,567046;3,0110195
33,065312;21,291930;-1,8776712
4,5082193;22,921274;-1,6132230
20,864564;22,500911;1,6488484
29,592529;25,983174;-0,49790038
12,090239;21,623889;0,45788845
27,948032;23,575717;-2,1972467
3,0691563;21,586881;0,65085695
12,682299;24,074437;3,1043897
12,695286;23,733768;-2,7248515
12,587453;22,990386;-0,084596450
46,166193;29,344997;-0,26870852
51,098662;21,666103;0,73743634
32,799035;21,680229;-0,44747311
17,275368;22,715189;0,63727738
5,8729009;22,131864;-2,8137958
39,391034;27,166076;-0,70261408
18,851859;21,983525;-1,0626625
6,4080532;21,964496;-2,3247478
25,896995;23,260578;2,8230043
9,7777260;23,660122;-2,4128257
17,638695;21,097613;-2,2040412
3,9335544;24,433450;1,8835718
23,951115;21,531134;3,0684385
30,840640;24,956963;1,5605438
30,859452;25,203991;-2,6106052
27,605011;22,174573;-2,6311138
40,819393;21,492654;-1,1599608
28,153859;21,320167;-1,6408923
7,8312167;21,316631;-0,59999416
7,0754391;21,536300;0,62691634
21,952500;21,144414;1,9197219
19,796542;21,436686;1,0267648
16,640411;22,081439;-2,8129890
15,917770;26,924086;-1,0799266
31,619480;22,925595;1,0146224
8,9395385;21,856340;0,83221313
5,1185401;24,587328;-0,70534871
23,762840;21,156279;-1,0507191
20,294464;30,658657;-2,0282599
14,109713;27,897911;-2,6304119
9,1284435;23,014512;2,9156619
9,0974316;21,594542;2,5166538
23,848005;21,724244;-2,6766026
54,552869;20,914833;-1,1443573
18,136854;23,147735;-0,60797193
10,718709;22,030096;-0,29993717
10,729257;22,409736;0,81008435
28,666815;20,772425;3,0578320
14,678238;21,397423;-0,36238043
24,099563;21,742370;2,3982760
24,670135;26,090237;-1,7441224
7,5009477;20,857306;-0,19351649
29,128137;22,522575;0,90802328
30,214892;22,320611;-3,0718361
21,068975;21,923703;-2,5088553
8,3326023;24,108242;-2,0724813
8,2653835;21,548000;2,5804055
0,55057954;20,845207;-2,5224638
37,586283;22,642096;-1,4976709
11,714633;21,466389;0,96022647
10,943349;26,215820;2,7860506
19,453679;27,600469;-1,4238882
19,439039;23,115869;-2,2137612
22,841298;20,867368;0,92359146
32,060180;22,690337;-1,1839990
12,857115;23,242634;2,2307985
21,643561;21,700138;2,1209907
33,289716;22,418376;-1,4395522
4,6540697;22,601678;-1,8941009
58,194015;29,659344;2,9199328
94,997915;30,036355;1,3782043
39,166159;20,650778;0,65101821
38,229819;21,017075;-2,6992279
7,7994964;20,794213;-2,2582949
27,729768;20,823673;-0,41932335
32,734571;20,558097;1,7403211
36,971239;21,653648;1,3428124
36,698586;23,947767;1,1600998
92,652580;29,398962;-0,54099011
27,381553;22,651001;2,9267057
21,895277;22,236993;-2,3456174
31,273863;21,531379;1,6125325
1,3818405;24,843548;-0,015255167
25,036926;20,775812;1,9166082
28,696096;21,195155;-0,015597858
43,238086;25,042135;0,46942811
14,786386;26,286601;-0,038129133
14,756398;23,592784;-0,77616162
14,732863;21,902974;-1,7883690
2,6453793;20,579413;-1,6138954
24,029826;20,369654;1,4688862
17,867349;20,371833;-1,3681461
12,248998;21,219878;-2,7694622
5,6353528;20,350457;2,6036875
29,500595;20,677193;-2,4514151
0,83291390;21,571448;0,62407196
13,064989;20,569217;-0,82930211
28,136150;23,638288;1,1025158
13,424459;26,687564;-2,3694767
15,828670;20,162080;0,88468059
3,7317408;20,699949;2,4676488
26,641911;21,520265;2,8333147
37,319139;26,463034;1,3101734
11,333044;20,608892;-1,4980716
5,2418793;20,248597;2,5757102
19,510823;21,286265;-0,94709726
27,490409;25,117437;1,3757721
27,636023;21,316107;1,8727126
18,494435;21,799654;1,0553669
13,994166;20,180131;-0,054886419
34,135617;20,085667;-0,28907078
2,5035430;20,354943;-1,4658091
31,918816;20,668668;-2,3982907
16,138710;25,245764;3,0350654
22,164703;20,117933;-1,3086209
21,993823;23,359315;0,87316327
6,2887282;20,105977;-2,8045609
41,294883;34,743726;1,1646534
5,3898550;20,890596;-0,41354760
7,6763933;22,594968;0,13906803
39,624332;21,479618;2,8943700
14,655097;19,835142;0,32612672
34,090358;21,744218;-2,4698945
35,427019;20,017105;-1,5105653
7,5706065;20,082694;-0,67975528
7,4721397;22,125191;-2,9442095
7,4456143;20,937904;0,40532309
18,990154;24,054526;-1,5226019
32,927726;24,945936;2,3058722
32,882940;23,069197;2,3697856
38,752457;24,755719;-0,40493269
39,241957;22,239728;2,2542972
36,890246;20,014281;2,9387934
47,057431;25,313038;1,0667634
29,524523;19,965964;1,4652139
9,0886161;21,538401;1,7197380
16,269448;19,724696;-0,33121766
0,45384441;24,017661;0,69610667
34,740979;20,661811;-0,33284400
38,180547;21,228718;-2,2231054
19,739477;20,079799;-1,2200149
3,0881255;24,954688;-2,6442402
10,228658;31,288297;-1,1827910
10,253845;22,103354;1,4570905
10,178520;21,161186;2,3469554
27,361481;21,436808;-0,81250505
5,6142584;21,845904;-2,5775583
18,286010;20,021478;-0,42915409
6,9115639;19,940229;2,1941935
24,373633;25,495921;-1,1783679
28,980319;19,956468;2,9739353
25,089111;26,338522;1,6102970
4,9537991;24,742418;1,0200614
30,281717;22,571458;1,0598533
20,150031;19,617210;-2,8068456
29,967112;22,727724;-1,1729269
13,448702;22,041292;1,7603790
16,404437;20,960466;-1,8984648
7,4074397;20,011294;-0,91532565
7,3122001;19,760707;2,8719417
4,7546617;19,737992;-2,0628264
2,4151512;20,215145;-0,25401413
13,104816;19,617017;1,8642771
105,55267;27,201993;2,6135862
4,1622869;20,451024;-2,3203029
8,7756633;19,556049;-1,0557200
6,7377713;19,471034;-0,93425583
23,779133;19,978207;-1,4493301
28,855799;20,189179;-1,6609107
97,343329;26,689667;3,0181833
12,280561;21,269718;0,86683360
3,4042266;21,805697;-2,2790705
8,8498873;25,902009;-0,93390773
9,4263626;22,610346;-0,14875681
20,840243;20,952259;1,1109362
33,900115;19,562901;1,7823852
27,066475;21,184383;-2,1242564
28,246423;22,156295;1,6629675
21,314945;19,060514;-1,9458165
8,1818718;21,705972;1,0344686
45,683777;19,681363;0,76522733
32,700962;22,830792;-2,3753452
4,6957863;23,420923;-0,13955968
26,297080;19,423943;0,49411053
20,379314;20,508515;-1,9156375
38,307034;19,774304;1,2183139
103,20773;30,132553;0,40608317
3,2165809;22,196997;-0,79027655
10,477855;20,725327;3,0816969
6,4995148;21,141769;1,2518416
6,5622470;22,284916;-0,80737185
26,425929;24,069328;-0,42890146
26,477957;19,847317;0,29960008
5,7320880;21,527542;-1,5923465
14,245331;19,754528;2,1618059
16,757925;19,382986;-1,9163486
22,274111;19,360685;2,4512164
29,564351;19,728583;3,1136152
29,540344;20,253238;1,1699417
21,579176;21,132947;1,3889168
21,345642;19,360733;0,61457548
38,056341;19,505447;-2,2788721
11,806881;19,277365;0,78935724
11,230563;20,023212;-2,3995705
11,507939;19,503653;-1,6368448
13,931355;19,171990;-2,5751315
13,951898;23,976578;1,2529088
13,036417;19,738898;-1,6076705
9,4143199;19,404032;-1,2247496
35,438275;23,642854;-2,4267433
0,97585206;19,142593;-0,068200238
28,177630;19,099416;-0,98894192
36,173902;19,574680;-1,6750072
11,963987;18,890632;2,4253573
12,072450;19,794512;-2,4662241
11,936045;22,932563;2,4127193
7,0444272;19,094072;-1,9000035
26,798387;22,359505;-1,8396699
35,520370;19,590773;-0,10041659
13,839893;24,420891;3,0173286
2,9430621;19,280184;-0,49259822
34,419368;19,026692;-2,5300274
41,087559;19,296064;2,1330702
6,7667367;20,739533;-2,1310808
1,8715769;20,163639;-0,10607309
39,449044;18,520602;-1,5409366
25,781999;23,818047;-0,63591314
23,666262;20,614207;-0,037187136
35,369797;22,483077;2,2798282
2,7565184;20,176157;2,9764039
32,490805;19,088412;2,8134535
41,339984;20,760523;2,4588204
11,911251;22,477169;-0,20650168
16,435449;19,339272;0,077381563
15,860548;19,170816;-2,6101028
26,232459;19,298329;2,3522797
26,248831;20,161101;-1,2317450
0,70556040;23,971747;0,12425938
17,729842;22,919938;-1,6351320
17,804145;18,748974;-0,27135928
33,646038;21,045171;-0,64062885
33,823766;20,503072;0,27524775
33,773077;19,778099;-1,7694622
22,744406;20,978400;1,8308684
37,116381;23,795188;0,61308857
37,042236;20,483700;-1,5093306
35,740287;20,638390;1,8843764
35,730920;25,133057;1,4373008
38,254219;20,340894;-3,0833683
42,015162;19,250777;-1,8185758
21,859464;21,034035;1,9077961
21,843801;21,626610;-0,62591792
41,699297;19,735466;0,65277916
42,589276;18,126124;2,8241188
7,2957496;18,965911;1,7882693
14,458400;18,985170;-0,074873375
10,431495;21,011360;-1,7084526
7,0670171;19,268290;0,037505551
20,310206;23,601512;-2,3518630
28,970952;20,336991;-2,4430532
32,346843;24,560513;1,1358574
36,506139;19,035051;-2,7829569
6,1791633;18,767363;2,7089734
0,38387083;19,977609;-2,4923560
0,28508922;19,286055;2,2425025
17,173989;18,795509;2,4815689
30,426781;20,817563;-0,62994929
13,390142;19,700611;0,31060598
34,825986;22,028697;1,2119542
9,3461566;28,458616;0,15527978
9,5516696;25,007375;1,6744544
26,630734;22,121990;-2,7532233
24,736882;19,594435;2,2186939
24,714134;19,918275;1,4671003
9,6010998;19,256877;-1,4210382
39,016058;18,552032;-0,75525113
50,119504;23,366049;1,1542034
31,493307;20,446765;2,8004089
31,540927;20,882528;2,4418743
17,121095;19,217029;-0,67131220
22,367933;19,157748;0,32292923
30,474715;20,188871;-2,9649730
14,871472;24,226114;0,18539825
35,310528;19,736990;2,0785897
24,404802;21,462322;2,3507544
24,123570;19,129911;0,76994471
22,624372;21,632519;1,4919608
22,657037;24,180002;-3,0421420
25,934618;18,683787;-2,9453921
6,2683422;22,669822;-0,36260153
12,297641;23,398675;1,1130860
11,744621;19,161143;-1,1767635
28,866268;24,168153;-2,9928098
28,287588;18,646030;2,7099534
33,075151;19,411404;-1,8971276
32,049318;19,077962;1,9198752
13,238624;18,443081;2,3394353
34,482966;18,465130;0,18419089
10,152703;18,698873;0,080655930
24,263202;21,204147;-2,4917815
19,136870;20,498728;1,6987568
49,435117;21,265841;-0,20249397
16,015371;20,016224;1,0996329
31,698899;21,753962;1,0657849
17,396976;21,199850;1,2622899
11,278183;18,604461;2,2092538
38,457214;18,460311;2,3954451
52,495379;26,190085;-0,63301621
2,6776505;19,679292;2,2295103
6,3789304;20,319081;-1,9980166
6,4694474;18,880205;-0,75151575
16,591610;18,204283;-0,49836833
3,2061124;23,014593;1,7626927
5,2735209;18,235495;3,1287455
24,540342;18,975257;-2,0891766
21,933373;19,042974;-1,5243041
21,398693;21,791877;-1,6635263
20,907146;21,156783;2,3901319
8,4142250;18,089843;0,29283300
14,286811;18,603819;0,24762439
5,9736503;18,213940;2,5977385
6,0182791;24,964133;-0,85857092
23,564332;18,965592;0,65083446
22,152582;23,270808;0,38154519
10,091151;18,396420;-1,0386747
34,437865;20,457373;-2,5756123
27,343378;18,419905;-2,9876162
27,181313;20,692661;-2,1405052
41,441520;18,516271;-1,5937397
9,6620216;25,838407;2,1309344
4,8622589;18,756279;2,4139867
4,8794964;18,540668;-1,3790085
29,888323;20,706996;2,9898920
48,096803;21,051019;-1,2265268
17,573208;22,462607;1,1170587
32,250502;25,222190;2,8841150
28,413761;17,738262;1,0787949
45,289910;18,377616;0,29301623
15,222206;17,954017;-1,0212665
30,718718;18,451725;0,87144259
28,380073;21,065474;1,7790812
3,5982479;18,204640;-0,49186725
3,7442557;20,512798;0,26904516
40,926518;19,565986;0,024832840
13,567083;21,447657;-1,4465650
18,478221;20,841522;2,7581864
24,793002;18,330513;-2,0587207
24,786233;18,238015;2,8270218
36,908428;19,116763;2,4870051
26,597675;19,903855;-0,48848423
38,556625;20,822509;2,5107731
25,838356;19,015778;-3,0267550
34,047855;20,615415;0,064187330
54,329568;23,166899;1,5473851
36,734478;18,549834;1,2625750
29,624092;19,856446;2,8795101
6,5339112;18,175781;-2,8367905
5,5215375;27,381462;-1,2631992
30,985940;19,520938;1,4035475
5,5630966;18,146488;0,76129332
18,196437;18,490338;0,22826392
18,318911;21,670739;2,2722206
18,241696;24,995652;2,3538026
13,615096;19,191688;0,71996164
13,595182;19,408360;-0,46362596
31,307472;19,353291;-0,96258446
26,383189;17,286442;1,7925695
46,508111;18,368932;1,1616571
109,07119;25,236579;-1,0246700
26,991857;20,621320;-2,9142072
1,1019462;17,807149;-2,4319742
49,227321;21,473075;0,35297463
2,8589207;18,952744;2,4433531
8,3554283;27,230478;-1,0864092
0,27430589;18,113775;0,43840549
0,25258181;18,304883;0,12470155
6,3697213;20,378360;2,7028872
31,561471;17,854890;2,5480517
2,0678020;20,398997;0,66462739
34,333338;17,790569;-2,6038883
33,560401;18,829411;-1,9797724
24,849831;18,563535;0,11547045
0,47242007;17,643609;-1,1371319
21,622309;17,835616;-2,7130854
16,818375;20,176237;-3,0531338
15,529649;17,610341;1,9763173
14,775918;19,738483;-0,52978008
13,027050;18,007340;1,5127166
14,936172;21,492453;1,7174867
15,050460;18,223006;-2,9004202
23,160784;24,318771;-0,89586749
23,079161;19,605300;2,8377313
18,906091;17,622069;-1,0307061
2,3175503;19,040758;2,5727753
30,584910;18,275097;-0,59430599
14,096174;17,808219;0,81764600
9,8602145;20,191956;1,2032348
11,530214;17,945199;2,4915787
24,338213;18,426870;0,58029294
27,547632;17,486298;-0,82536131
10,756175;22,220016;-0,52758379
8,9208054;21,355998;-2,7504010
27,963223;18,653625;0,96894163
31,143754;18,208046;-2,3221312
8,6102927;17,544611;-3,1301387
15,088949;17,638484;-1,6267259
40,936829;17,611213;1,0622926
33,909324;18,474070;0,099401970
37,866020;18,050082;-0,66783934
37,693329;17,663082;-0,28311882
3,5321311;18,593068;-2,6655493
27,130781;17,708154;0,59414268
45,161376;18,830368;0,89229862
16,300775;17,442447;-2,8173012
39,602215;21,793435;-1,3182287
30,744771;17,816190;2,7991897
29,201653;17,232069;1,1016990
23,586214;19,440030;0,12630230
19,599845;17,837009;-1,4755430
18,567164;17,232632;2,7911477
26,507552;19,277338;-0,92463170
26,413572;18,099405;-0,71982504
8,1107962;24,492526;0,40583829
4,4580020;20,835077;-2,7559562
4,5614276;22,172132;2,3368452
18,088132;17,641187;2,0712782
17,912450;19,789931;0,10481057
0,88958542;17,408202;-2,6461754
20,747049;17,634402;2,4165183
19,579380;21,478299;-1,6840585
19,906264;17,447378;0,065419322
13,143384;18,267937;1,9090527
24,173315;19,399353;-0,13491618
102,03487;25,489221;-0,017182135
33,095537;18,403297;1,7961309
37,538899;20,018826;-1,4836713
37,598404;17,680061;-0,025090133
37,615327;17,487129;2,1422051
19,725309;17,456567;-0,74218200
32,580928;22,243934;0,46702631
15,121614;17,689523;2,0035383
30,334375;17,217474;2,4544122
18,772519;17,431378;0,70764542
12,413188;17,379244;-1,4016954
2,5796560;18,933633;2,1320170
18,377944;17,224955;-0,71271283
44,700290;17,011943;1,9673465
8,0387762;19,385998;-1,9773661
6,4821198;19,551678;-2,5349058
1,6211990;17,196331;2,7924321
